{"cameraMode":{"drawMode":0,"name":"Shaded","section":"Shading Mode"},"sceneLighting":true,"audioPlay":false,"sceneViewState":{"m_AlwaysRefresh":false,"showFog":true,"showSkybox":true,"showFlares":true,"showImageEffects":true,"showParticleSystems":true,"showVisualEffectGraphs":true,"m_FxEnabled":true},"in2DMode":false,"pivot":{"x":-0.513823390007019,"y":0.7920432686805725,"z":1.3225868940353394},"rotation":{"x":0.06032801419496536,"y":-0.13318265974521638,"z":0.008055618032813073,"w":0.9892730712890625},"size":1.7615528106689454,"orthographic":false}