{"cameraMode":{"drawMode":0,"name":"Shaded","section":"Shading Mode"},"sceneLighting":true,"audioPlay":false,"sceneViewState":{"m_AlwaysRefresh":false,"showFog":true,"showSkybox":true,"showFlares":true,"showImageEffects":true,"showParticleSystems":true,"showVisualEffectGraphs":true,"m_FxEnabled":true},"in2DMode":false,"pivot":{"x":18.869962692260743,"y":-13.158802032470704,"z":-104.35929870605469},"rotation":{"x":-0.0020181057043373586,"y":0.9933203458786011,"z":-0.11404330283403397,"w":-0.017582960426807405},"size":32.71067810058594,"orthographic":false}