{"cameraMode":{"drawMode":0,"name":"Shaded","section":"Shading Mode"},"sceneLighting":true,"audioPlay":false,"sceneViewState":{"m_AlwaysRefresh":false,"showFog":true,"showSkybox":true,"showFlares":true,"showImageEffects":true,"showParticleSystems":true,"showVisualEffectGraphs":true,"m_FxEnabled":true},"in2DMode":false,"pivot":{"x":-7.930904865264893,"y":21.638601303100587,"z":4.630890369415283},"rotation":{"x":-0.07312134653329849,"y":-0.01972101628780365,"z":0.0014739864272996784,"w":-0.9971418380737305},"size":5.366025924682617,"orthographic":false}